Mã đơn,Mã shipment,Trạng thái shipment,Tình trạng giao,Lý do trễ,Ngày tạo,Tuổi treo (ngày),Cửa hàng,ĐVVC,Mã vận đơn,SL SP,Tổng tiền shipment
2606045QJIZXW9,2606045QJIZXW901,processing,,Chờ hủy đơn,04-06-2026,26,SHOP - 170 QUOC LO 1A,Giao Hang Nhanh,,60,"2,420,000"
2606065ZZ3T3T7,2606065ZZ3T3T701,processing,,Chờ hủy đơn,06-06-2026,24,SHOP - 477 LE VAN THO,Shopee Express,,1,"96,000"
2606065SWCFB2X,2606065SWCFB2X01,processing,,Chờ hủy đơn,06-06-2026,24,SHOP - 170 QUOC LO 1A,Giao Hang Tiet Kiem,,2,"416,000"
260606571X9PBQ,260606571X9PBQ01,processing,,Không,06-06-2026,24,SHOP - 78 DT 835,Shopee Express,,2,"501,000"
2606065A5Y629Q,2606065A5Y629Q01,pending,,Không,06-06-2026,24,SHOP - 104 PHAN CHU TRINH,Giao Hang Nhanh,,1,"269,000"
2606065Y6JVXVE,2606065Y6JVXVE01,pending,,Không,06-06-2026,24,SHOP - 104 PHAN CHU TRINH,Giao Hang Nhanh,,1,"269,000"
2606065EIW18CV,2606065EIW18CV01,processing,,Không,06-06-2026,24,SHOP - 78 DT 835,Shopee Express,,2,"501,000"
260606524BBFFX,260606524BBFFX01,packed,delay_pick,Không,06-06-2026,24,SHOP - 447 QUANG TRUNG,Giao Hang Tiet Kiem,1813734391,7,"219,000"
2606065WRB02AY,2606065WRB02AY01,packed,received,Không,06-06-2026,24,SHOP - 191 DO TUONG PHONG,Giao Hang Tiet Kiem,1727522148,2,"184,000"
26060651Q2HLRF,26060651Q2HLRF01,packed,settled_return,Không,06-06-2026,24,SHOP - 108 PHUNG HUNG,Giao Hang Tiet Kiem,1274389021,1,"139,000"
2606065H8W1NKG,2606065H8W1NKG01,processing,returning,Chờ hủy đơn,06-06-2026,24,SHOP - 141 CACH MANG THANG 8,Giao Hang Nhanh,,3,"92,000"
2606065715LZJ9,2606065715LZJ901,processing,returning,Chờ hủy đơn,06-06-2026,24,SHOP - 88 TRAN DANG NINH,Giao Hang Tiet Kiem,,1,"247,000"
26060657Z657FR,26060657Z657FR01,processing,returning,Chờ hủy đơn,06-06-2026,24,SHOP - 68 TINH LO 8,Giao Hang Tiet Kiem,,2,"476,000"
2606065FFO2YT0,2606065FFO2YT001,packed,,Không,06-06-2026,24,SHOP - 7 QUOC LO 50,Shopee Express,SPXVN065463797286,11,"130,000"
26060654KW44A0,26060654KW44A001,processing,returning,Chờ hủy đơn,06-06-2026,24,SHOP - 170 QUOC LO 1A,Giao Hang Tiet Kiem,,11,"93,000"
2606065EXNJ2KE,2606065EXNJ2KE01,processing,returning,Chờ hủy đơn,06-06-2026,24,SHOP - 170 QUOC LO 1A,Giao Hang Tiet Kiem,,13,"1,120,000"
2606065A28310M,2606065A28310M01,processing,returned,Chờ hủy đơn,06-06-2026,24,SHOP - 329 TON DUC THANG,Giao Hang Nhanh,,7,"120,000"
2606065P8JYU8M,2606065P8JYU8M01,processing,returning,Chờ hủy đơn,06-06-2026,24,SHOP - 170 QUOC LO 1A,Giao Hang Tiet Kiem,,3,"358,000"
2606065S1KLZJI,2606065S1KLZJI01,processing,returning,Chờ hủy đơn,06-06-2026,24,SHOP - 1207 NGUYEN DUY TRINH,Giao Hang Nhanh,,6,"203,000"
2606065E6YMMSI,2606065E6YMMSI01,processing,returned,Chờ hủy đơn,06-06-2026,24,SHOP - 170 QUOC LO 1A,Giao Hang Tiet Kiem,,6,"208,000"
2606065Q2ELS72,2606065Q2ELS7201,processing,returning,Chờ hủy đơn,06-06-2026,24,SHOP - 238 TRAN PHU,Giao Hang Nhanh,,10,"1,026,000"
2606065AEJTUD6,2606065AEJTUD601,processing,returned,Chờ hủy đơn,06-06-2026,24,SHOP - 699 QUOC LO 61,Giao Hang Nhanh,,6,"259,000"
2606065J86UFOP,2606065J86UFOP01,processing,returning,Chờ hủy đơn,06-06-2026,24,SHOP - 170 QUOC LO 1A,Giao Hang Tiet Kiem,,13,"335,000"
2606065DXU424X,2606065DXU424X01,processing,returning,Chờ hủy đơn,06-06-2026,24,SHOP - 1130 DT 747B,Giao Hang Nhanh,,3,"443,000"
2606065PB40BW0,2606065PB40BW001,processing,returned,Chờ hủy đơn,06-06-2026,24,SHOP - 170 QUOC LO 1A,Giao Hang Tiet Kiem,,14,"825,000"
2606085PDIW8YO,2606085PDIW8YO01,processing,returned,Chờ hủy đơn,08-06-2026,22,SHOP - 1261 PHAM HUNG,Giao Hang Nhanh,,18,"1,532,000"
2606085Y8S3BZ0,2606085Y8S3BZ001,processing,returned,Chờ hủy đơn,08-06-2026,22,SHOP - 34 DT 746,Giao Hang Tiet Kiem,,1,"250,000"
2606125B3NLBLH,2606125B3NLBLH01,packed,picking,Không,12-06-2026,18,SHOP - 1261 PHAM HUNG,Giao Hang Tiet Kiem,1193864080,1,"139,000"
2606135MJEFUCC,2606135MJEFUCC01,packed,picking,Không,13-06-2026,17,SHOP - 2 QUOC LO 22B,Giao Hang Tiet Kiem,1896128172,4,"711,000"
2606145VGT0674,2606145VGT067401,processing,returning,Chờ hủy đơn,14-06-2026,16,SHOP - 88 TRAN DANG NINH,Giao Hang Tiet Kiem,,5,"326,000"
2606145B7GBKHW,2606145B7GBKHW01,processing,returned_sender,Không,14-06-2026,16,SHOP - 240 TINH LO 825,Giao Hang Tiet Kiem,,4,"447,000"
26061456R4TFFF,26061456R4TFFF01,packed,picking,Không,14-06-2026,16,SHOP - 1395 TRAN HUNG DAO,Giao Hang Tiet Kiem,1072075330,2,"148,000"
2606155AURIMNP,2606155AURIMNP01,processing,returned_sender,Không,15-06-2026,15,SHOP - 554 LE HONG PHONG,Giao Hang Nhanh,,1,"109,000"
2606155W82DDKF,2606155W82DDKF01,packed,received,Không,15-06-2026,15,SHOP - 517 PHU LOI,Giao Hang Tiet Kiem,1457569767,4,"432,000"
2606155M0RD0T3,2606155M0RD0T301,processing,,Chờ hủy đơn,15-06-2026,15,SHOP - 170 QUOC LO 1A,Shopee Express,,3,"353,000"
2606155KX17HWD,2606155KX17HWD01,processing,returning,Chờ hủy đơn,15-06-2026,15,SHOP - 170 QUOC LO 1A,Giao Hang Tiet Kiem,,2,"232,000"
26060657TOZ46J,310000006077195,processing,returning,Chờ hủy đơn,15-06-2026,15,SHOP - 170 QUOC LO 1A,Giao Hang Tiet Kiem,,3,"210,000"
26060655WOPNHZ,310000006077143,processing,returning,Chờ hủy đơn,15-06-2026,15,SHOP - 170 QUOC LO 1A,Giao Hang Tiet Kiem,,4,"276,000"
2606155IRVF4RY,2606155IRVF4RY01,packed,picking,Không,15-06-2026,15,SHOP - 2857 LUONG DINH CUA,Giao Hang Nhanh,GYXVNWU6,1,"149,000"
2606155YMOQMKN,2606155YMOQMKN01,picking,,Không,15-06-2026,15,SHOP - 170 QUOC LO 1A,Shopee Express,,3,"684,000"
26061651N5MBD9,26061651N5MBD901,processing,,Không,16-06-2026,14,SHOP - 300 LY THUONG KIET,Giao Hang Nhanh,,1,"44,000"
26061756FCOXH6,26061756FCOXH601,processing,returned,Chờ hủy đơn,17-06-2026,13,SHOP - 1125 QUANG TRUNG,Giao Hang Tiet Kiem,,3,"320,000"
26061750KSLRPT,26061750KSLRPT01,processing,returned,Chờ hủy đơn,17-06-2026,13,SHOP - 329 TON DUC THANG,Giao Hang Nhanh,,1,"1,258,000"
2606175EF5ML2U,2606175EF5ML2U01,processing,returned,Chờ hủy đơn,17-06-2026,13,SHOP - 232 PHAN BOI CHAU,Giao Hang Nhanh,,2,"180,000"
26061858O6M2XQ,26061858O6M2XQ01,processing,,Chờ hủy đơn,18-06-2026,12,SHOP - 170 QUOC LO 1A,Shopee Express,,3,"546,000"
2606185FZC2JPQ,2606185FZC2JPQ01,processing,,Chờ hủy đơn,18-06-2026,12,SHOP - 170 QUOC LO 1A,Shopee Express,,2,"560,000"
2606185OJ246NT,2606185OJ246NT01,packed,picking,Không,18-06-2026,12,SHOP - 67 DANG THUC VINH,Giao Hang Tiet Kiem,1740432122,1,"161,000"
2606185ASHVADU,2606185ASHVADU01,processing,returned_sender,Không,18-06-2026,12,SHOP - 2857 LUONG DINH CUA,Giao Hang Tiet Kiem,,1,"173,000"
2606185WVFE4WX,2606185WVFE4WX01,packed,picking,Không,18-06-2026,12,SHOP - 1261 PHAM HUNG,Giao Hang Tiet Kiem,1874116564,3,"1,179,000"
26061955KIX46N,26061955KIX46N01,processing,returned,Chờ hủy đơn,19-06-2026,11,SHOP - 137 DIEN BIEN,Giao Hang Nhanh,,1,"164,000"
2606205U6Q1A1L,2606205U6Q1A1L01,processing,returned,Chờ hủy đơn,20-06-2026,10,SHOP - 232 PHAN BOI CHAU,Giao Hang Nhanh,,1,"126,000"
26062054M85IWI,26062054M85IWI01,processing,returning,Chờ hủy đơn,20-06-2026,10,SHOP - 1207 NGUYEN DUY TRINH,Giao Hang Nhanh,,2,"202,000"
2606205KBOECET,2606205KBOECET01,processing,returning,Chờ hủy đơn,20-06-2026,10,SHOP - 170 QUOC LO 1A,Giao Hang Tiet Kiem,,3,"363,000"
2606205H9EMR6M,2606205H9EMR6M01,processing,returning,Chờ hủy đơn,20-06-2026,10,SHOP - 459 NGUYEN DANG,Giao Hang Nhanh,,2,"89,000"
2606205OCL8YKB,2606205OCL8YKB01,processing,returned_sender,Không,20-06-2026,10,SHOP - 34 DT 746,Giao Hang Tiet Kiem,,1,"129,000"
2606205YE29TYN,2606205YE29TYN01,processing,returned_sender,Không,20-06-2026,10,SHOP - 2857 LUONG DINH CUA,Giao Hang Tiet Kiem,,1,"193,000"
2606215C0EXIFH,2606215C0EXIFH01,processing,,Chờ hủy đơn,21-06-2026,9,SHOP - 170 QUOC LO 1A,Giao Hang Tiet Kiem,,30,"4,185,000"
2606215DDN7NP1,2606215DDN7NP101,processing,,Không,21-06-2026,9,SHOP - 170 QUOC LO 1A,Shopee Express,,4,"1,575,000"
260621554L4SX1,260621554L4SX101,processing,,Chờ chuyển hàng,21-06-2026,9,SHOP - 219 KHAM THIEN,Shopee Express,,3,"590,000"
310000006079751,310000006079752,processing,returning,Chờ hủy đơn,21-06-2026,9,SHOP - 295 GIAI PHONG,Giao Hang Tiet Kiem,,12,"2,826,000"
2606215O9EG78R,2606215O9EG78R01,processing,returned,Chờ hủy đơn,21-06-2026,9,SHOP - 232 PHAN BOI CHAU,Giao Hang Nhanh,,2,"181,000"
26062153ZBG3LG,26062153ZBG3LG01,processing,returning,Chờ hủy đơn,21-06-2026,9,SHOP - 68 TINH LO 8,Giao Hang Tiet Kiem,,1,"154,000"
2606215WWXZSHA,2606215WWXZSHA01,processing,returned,Chờ hủy đơn,21-06-2026,9,SHOP - 205 QUOC LO 50,Giao Hang Nhanh,,1,"299,000"
26062151HKHMG6,26062151HKHMG601,processing,,Chờ hủy đơn,21-06-2026,9,SHOP - 137 NGUYEN TRAI,Shopee Express,,1,"69,000"
26062156QO467F,26062156QO467F01,processing,returned,Chờ hủy đơn,21-06-2026,9,SHOP - 137 NGUYEN TRAI,Giao Hang Tiet Kiem,,1,"310,000"
2606215ZHBEIKF,2606215ZHBEIKF01,processing,returning,Chờ hủy đơn,21-06-2026,9,SHOP - 241 NGUYEN TAT THANH,Giao Hang Tiet Kiem,,2,"108,000"
2606225BO51DXW,2606225BO51DXW01,processing,,Chờ chuyển hàng,22-06-2026,8,SHOP - 88 TRAN DANG NINH,Giao Hang Tiet Kiem,,4,"441,000"
2606225OKGY4L7,2606225OKGY4L701,processing,returning,Chờ hủy đơn,22-06-2026,8,SHOP - 2 QUOC LO 22B,Giao Hang Nhanh,,1,"145,000"
2606225CJVED9C,2606225CJVED9C01,processing,returning,Chờ hủy đơn,22-06-2026,8,SHOP - 129 PHAM NGU LAO,Giao Hang Tiet Kiem,,1,"69,000"
2606225UE02NQE,2606225UE02NQE01,processing,returned,Chờ hủy đơn,22-06-2026,8,SHOP - 88 TRAN PHU,Giao Hang Nhanh,,2,"287,000"
310000006080235,310000006080236,packed,,Không,22-06-2026,8,SHOP - 568 LUY BAN BICH,Shopee Express,SPXVN068854487116,3,0
2606235ALC9Q8M,2606235ALC9Q8M01,processing,,Chờ chuyển hàng,23-06-2026,7,SHOP - 219 KHAM THIEN,Shopee Express,,2,"223,000"
2606235LRJNMNI,2606235LRJNMNI01,processing,,Chờ chuyển hàng,23-06-2026,7,SHOP - 67 THU Y,Giao Hang Nhanh,,3,"288,000"
2606235V3LSJIF,2606235V3LSJIF01,packed,ready_to_pick,Không,23-06-2026,7,SHOP - 389 HUNG VUONG,Giao Hang Nhanh,GYXQ8BVC,16,"396,000"
2606235064632H,2606235064632H01,processing,,Chờ hủy đơn,23-06-2026,7,SHOP - QUOC LO 51,Shopee Express,,2,"251,000"
260623553109N3,260623553109N301,processing,,Chờ chuyển hàng,23-06-2026,7,SHOP - 219 KHAM THIEN,Shopee Express,,1,"312,000"
260623560FOJK4,260623560FOJK401,processing,,Chờ hủy đơn,23-06-2026,7,SHOP - 11 QUANG TRUNG,Shopee Express,,1,"103,000"
2606235QVHIIAI,2606235QVHIIAI01,processing,returned,Chờ hủy đơn,23-06-2026,7,SHOP - 88 TRAN PHU,Giao Hang Nhanh,,1,"91,000"
2606245JH36E8Q,2606245JH36E8Q01,processing,,Chờ chuyển hàng,24-06-2026,6,SHOP - 219 KHAM THIEN,Giao Hang Nhanh,,11,"2,557,000"
2606245AWDQHQV,2606245AWDQHQV01,processing,,Không,24-06-2026,6,SHOP - 517 PHU LOI,Shopee Express,,3,"1,495,000"
2606245MTOIZDH,2606245MTOIZDH01,picking,,Không,24-06-2026,6,SHOP - 676 DIEN BIEN,Giao Hang Nhanh,,3,"435,000"
2606245NXYXLSQ,2606245NXYXLSQ01,processing,,Chờ chuyển hàng,24-06-2026,6,SHOP - 170 QUOC LO 1A,Giao Hang Tiet Kiem,,13,"1,347,000"
26062459HR5IB0,26062459HR5IB001,picking,,Không,24-06-2026,6,SHOP - 676 DIEN BIEN,Giao Hang Nhanh,,2,"214,000"
2606245OGE1AQH,2606245OGE1AQH01,processing,,Chờ chuyển hàng,24-06-2026,6,SHOP - 168 AP CHANH,Shopee Express,,7,"103,000"
2606245H974O8W,2606245H974O8W01,processing,,Chờ chuyển hàng,24-06-2026,6,SHOP - 170 QUOC LO 1A,Giao Hang Nhanh,,2,"275,000"
2606245B5SOHCD,2606245B5SOHCD01,processing,,Không,24-06-2026,6,SHOP - 635 QUOC LO 14,Giao Hang Nhanh,,2,"1,359,000"
260624558FB6O0,260624558FB6O001,processing,,Không,24-06-2026,6,SHOP - 170 QUOC LO 1A,Shopee Express,,5,"961,000"
2606245FQQC7YA,2606245FQQC7YA01,processing,returning,Chờ hủy đơn,24-06-2026,6,SHOP - 174 PHAN DINH PHUNG,Giao Hang Tiet Kiem,,5,"273,000"
2606245GSWXXV0,2606245GSWXXV001,processing,,Không,24-06-2026,6,SHOP - 170 QUOC LO 1A,Giao Hang Tiet Kiem,,5,"528,000"
2606245UXNRB53,2606245UXNRB5301,processing,cancel,Không,24-06-2026,6,SHOP - 274 GO XOAI,Giao Hang Tiet Kiem,,7,"1,782,000"
2606245VO3A0WF,2606245VO3A0WF01,packed,,Không,24-06-2026,6,SHOP - 7 QUOC LO 50,Shopee Express,SPXVN062814251466,3,"1,495,000"
2606245RKPGCSM,2606245RKPGCSM01,packed,delay_pick,Không,24-06-2026,6,SHOP - 362 DONG KHOI,Giao Hang Tiet Kiem,1152770160,6,"575,000"
2606245FWLV7H0,2606245FWLV7H001,packed,delay_pick,Không,24-06-2026,6,SHOP - 362 DONG KHOI,Giao Hang Tiet Kiem,1293663193,2,"136,000"
26062458543A3U,26062458543A3U01,packed,delay_pick,Không,24-06-2026,6,SHOP - 362 DONG KHOI,Giao Hang Tiet Kiem,1368146968,6,"359,000"
2606245AS2BAUT,2606245AS2BAUT01,processing,received,Không,24-06-2026,6,SHOP - 67 THU Y,Giao Hang Tiet Kiem,,6,"808,000"
2606245A5TT616,2606245A5TT61601,packed,picking,Không,24-06-2026,6,SHOP - 1261 PHAM HUNG,Giao Hang Tiet Kiem,1884074255,9,"1,758,000"
26062555QQDWYP,26062555QQDWYP01,processing,,Chờ chuyển hàng,25-06-2026,5,SHOP - 75 DONG KHOI,Giao Hang Nhanh,,7,"621,000"
26062556KU336Z,26062556KU336Z01,processing,,Chờ chuyển hàng,25-06-2026,5,SHOP - 90 NGUYEN HUE,Shopee Express,,2,"183,000"
2606255WXLNSWB,2606255WXLNSWB01,picking,,Không,25-06-2026,5,SHOP - 676 DIEN BIEN,Shopee Express,,1,"99,000"
2606255FZ68YYD,2606255FZ68YYD01,picking,,Không,25-06-2026,5,SHOP - 676 DIEN BIEN,Giao Hang Nhanh,,10,"1,803,000"
26060658XBV1TM,310000006081896,pending,,Không,25-06-2026,5,SHOP - 125 TRAN PHU,Giao Hang Tiet Kiem,,2,"299,000"
2606255IMSYKN4,2606255IMSYKN401,processing,,Chờ chuyển hàng,25-06-2026,5,SHOP - 174 PHAN DINH PHUNG,Shopee Express,,3,"806,000"
2606235AC9YI1C,310000006082177,processing,,Chờ chuyển hàng,25-06-2026,5,SHOP - 141 CACH MANG THANG 8,Shopee Express,,9,"512,000"
2606255FAV41O4,2606255FAV41O401,processing,,Chờ chuyển hàng,25-06-2026,5,SHOP - 594 NGUYEN VAN CU,Shopee Express,,38,"3,811,000"
2606255UHRWI93,2606255UHRWI9301,processing,,Chờ chuyển hàng,25-06-2026,5,SHOP - DUONG D6-5A,Giao Hang Nhanh,,6,"709,000"
2606255URSPF23,2606255URSPF2301,processing,,Chờ chuyển hàng,25-06-2026,5,SHOP - 224 HUNG VUONG,Shopee Express,,1,"298,000"
2606255T98ZAXZ,2606255T98ZAXZ01,processing,,Chờ chuyển hàng,25-06-2026,5,SHOP - 362 DONG KHOI,Shopee Express,,1,"390,000"
26062551U2FWPC,26062551U2FWPC01,processing,,Không,25-06-2026,5,SHOP - 170 QUOC LO 1A,Giao Hang Nhanh,,3,"138,000"
2606255QRMS75F,2606255QRMS75F01,processing,,Chờ chuyển hàng,25-06-2026,5,SHOP - 170 QUOC LO 1A,Giao Hang Tiet Kiem,,10,"220,000"
2606255IB1P18P,2606255IB1P18P01,processing,,Chờ chuyển hàng,25-06-2026,5,SHOP - 75 DONG KHOI,Shopee Express,,3,"1,780,000"
2606255KIL6CKM,2606255KIL6CKM01,processing,,Chờ hủy đơn,25-06-2026,5,SHOP - 129 PHAM NGU LAO,Shopee Express,,1,"623,000"
2606255U6VBU4V,2606255U6VBU4V01,packed,,Không,25-06-2026,5,SHOP - 71 TRAN HUNG DAO,Shopee Express,SPXVN068141172066,2,"744,000"
26062556BGPL7C,26062556BGPL7C01,packed,,Không,25-06-2026,5,SHOP - 71 TRAN HUNG DAO,Shopee Express,SPXVN066612766216,5,"461,000"
26062556GD3XVT,26062556GD3XVT01,packed,,Không,25-06-2026,5,SHOP - 231 TRAN NGUYEN HAN,Shopee Express,SPXVN063542848146,1,"135,000"
2606255U7GZC9Q,2606255U7GZC9Q01,packed,delay_pick,Không,25-06-2026,5,SHOP - 362 DONG KHOI,Giao Hang Tiet Kiem,1304683073,3,"119,000"
2606255Q1LPJ7O,2606255Q1LPJ7O01,packed,picking,Không,25-06-2026,5,SHOP - 174 NGUYEN DU,Giao Hang Tiet Kiem,1020875514,1,"167,000"
2606255HJJ55L6,2606255HJJ55L601,packed,picking,Không,25-06-2026,5,SHOP - 553 DT 767,Giao Hang Nhanh,GYX74DTL,2,"101,000"
2606255AK2SFF0,2606255AK2SFF001,packed,picking,Không,25-06-2026,5,SHOP - 553 DT 767,Giao Hang Nhanh,GYXG44PN,3,"363,000"
26062555ZD6642,26062555ZD664201,packed,picking,Không,25-06-2026,5,SHOP - 553 DT 767,Giao Hang Nhanh,GYXG44PB,3,"535,000"
26062558B0JOY3,26062558B0JOY301,packed,picking,Không,25-06-2026,5,SHOP - 553 DT 767,Giao Hang Nhanh,GYXG8FGB,1,"149,000"
2606255YT1FDOC,2606255YT1FDOC01,packed,picking,Không,25-06-2026,5,SHOP - 553 DT 767,Giao Hang Nhanh,GYXG44P6,3,"457,000"
2606265P78UOUO,2606265P78UOUO01,picking,,Không,26-06-2026,4,SHOP - 305 NGUYEN NGHIEM,Shopee Express,,1,"258,000"
2606265EX3A2QV,2606265EX3A2QV01,processing,,Chờ chuyển hàng,26-06-2026,4,SHOP - 170 QUOC LO 1A,Giao Hang Nhanh,,17,"1,235,000"
26062657CZ3S1F,26062657CZ3S1F01,processing,,Chờ chuyển hàng,26-06-2026,4,SHOP - 141 CACH MANG THANG 8,Shopee Express,,8,"864,000"
2606265SVF361A,2606265SVF361A01,processing,,Chờ chuyển hàng,26-06-2026,4,SHOP - 170 QUOC LO 1A,Giao Hang Nhanh,,18,"230,000"
2606265PB0Z5DD,2606265PB0Z5DD01,processing,,Chờ chuyển hàng,26-06-2026,4,SHOP - 182 PHAN DANG LUU,Shopee Express,,8,"280,000"
2606265O6Q0942,2606265O6Q094201,processing,,Chờ chuyển hàng,26-06-2026,4,SHOP - 219 KHAM THIEN,Giao Hang Nhanh,,10,"350,000"
26060652KM00FG,310000006082473,pending,,Không,26-06-2026,4,SHOP - 170 QUOC LO 1A,Giao Hang Nhanh,,1,"130,000"
26062657NE5HIU,26062657NE5HIU01,processing,,Chờ chuyển hàng,26-06-2026,4,SHOP - 205 QUOC LO 50,Shopee Express,,1,"372,000"
2606265ZJXOVTA,2606265ZJXOVTA01,processing,,Chờ chuyển hàng,26-06-2026,4,SHOP - 205 QUOC LO 50,Shopee Express,,1,"372,000"
2606265B2RO7GQ,2606265B2RO7GQ01,processing,,Chờ chuyển hàng,26-06-2026,4,SHOP - 170 QUOC LO 1A,Shopee Express,,10,"350,000"
2606265MFN4W9Y,2606265MFN4W9Y01,processing,,Chờ chuyển hàng,26-06-2026,4,SHOP - 170 QUOC LO 1A,Giao Hang Nhanh,,5,"524,000"
2606065BOURNKE,310000006082497,processing,,Không,26-06-2026,4,SHOP - 170 QUOC LO 1A,Giao Hang Nhanh,,8,"58,500"
26060653XFK1PI,310000006082505,pending,,Không,26-06-2026,4,SHOP - 170 QUOC LO 1A,Shopee Express,,8,"91,000"
2606265K3K3X3V,2606265K3K3X3V01,processing,,Chờ chuyển hàng,26-06-2026,4,SHOP - 205 QUOC LO 50,Shopee Express,,1,"372,000"
2606065J5IXHYS,310000006082509,pending,,Không,26-06-2026,4,SHOP - 170 QUOC LO 1A,Shopee Express,,6,"1,000"
2606265OM13GKZ,2606265OM13GKZ01,processing,,Chờ chuyển hàng,26-06-2026,4,SHOP - 34 DT 746,Shopee Express,,7,"454,000"
26062651D4JJ56,26062651D4JJ5601,processing,,Chờ chuyển hàng,26-06-2026,4,SHOP - 477 LE VAN THO,Shopee Express,,3,"102,000"
2606265ADQ14RK,2606265ADQ14RK01,packed,,Không,26-06-2026,4,SHOP - 554 LE HONG PHONG,Shopee Express,SPXVN066588644456,3,"117,000"
2606265LNR6M4Y,2606265LNR6M4Y01,processing,,Chờ chuyển hàng,26-06-2026,4,SHOP - 699 QUOC LO 61,Giao Hang Tiet Kiem,,2,"79,000"
2606235AEKOMUG,310000006082640,picking,,Không,26-06-2026,4,SHOP - 676 DIEN BIEN,Giao Hang Nhanh,,4,"168,000"
2606265DUN041P,2606265DUN041P01,processing,,Không,26-06-2026,4,SHOP - 170 QUOC LO 1A,Giao Hang Nhanh,,3,"621,000"
2606265XLWQ1C0,2606265XLWQ1C001,processing,,Không,26-06-2026,4,SHOP - 170 QUOC LO 1A,Shopee Express,,12,"1,062,000"
2606265TGX93BT,2606265TGX93BT01,processing,,Chờ chuyển hàng,26-06-2026,4,SHOP - 170 QUOC LO 1A,Shopee Express,,2,"313,000"
2606265SNRIOGI,2606265SNRIOGI01,processing,,Chờ chuyển hàng,26-06-2026,4,SHOP - 170 QUOC LO 1A,Giao Hang Tiet Kiem,,2,"198,000"
2606265VS32W78,2606265VS32W7801,packed,,Không,26-06-2026,4,SHOP - 553 DT 767,Shopee Express,SPXVN067612666986,13,"132,000"
2606265WVMFVQO,2606265WVMFVQO01,packed,,Không,26-06-2026,4,SHOP - E4 DUONG N9,Shopee Express,SPXVN061991179726,2,"807,000"
2606265D7DBBM1,2606265D7DBBM101,packed,picking,Không,26-06-2026,4,SHOP - 554 LE HONG PHONG,Giao Hang Nhanh,GYXV9989,1,"388,000"
260626567W7BQH,260626567W7BQH01,packed,picking,Không,26-06-2026,4,SHOP - 554 LE HONG PHONG,Giao Hang Nhanh,GYXV998B,1,"132,000"
2606265ZO3K7K7,2606265ZO3K7K701,packed,picking,Không,26-06-2026,4,SHOP - 554 LE HONG PHONG,Giao Hang Nhanh,GYXV9983,3,"212,000"
2606265HTBH459,2606265HTBH45901,packed,picking,Không,26-06-2026,4,SHOP - 554 LE HONG PHONG,Giao Hang Nhanh,GYXV998V,1,"167,000"
2606265WM2551Z,2606265WM2551Z01,packed,picking,Không,26-06-2026,4,SHOP - 554 LE HONG PHONG,Giao Hang Nhanh,GYXV998N,1,"374,000"
2606265RS6JYRX,2606265RS6JYRX01,packed,picking,Không,26-06-2026,4,SHOP - 554 LE HONG PHONG,Giao Hang Nhanh,GYXV998D,1,"90,000"
2606245ZLZSMSK,310000006082635,processing,,Chờ chuyển hàng,26-06-2026,4,SHOP - 170 QUOC LO 1A,Shopee Express,,5,"90,000"
2606265409CE9L,2606265409CE9L01,picking,,Không,26-06-2026,4,SHOP - 170 QUOC LO 1A,Giao Hang Tiet Kiem,,30,"1,080,000"
2606155EMGEY6Z,310000006082599,packed,picking,Không,26-06-2026,4,SHOP - 174 NGUYEN DU,Giao Hang Tiet Kiem,1230906156,3,"54,000"
2606265TW6B8R8,2606265TW6B8R801,processing,created,Không,26-06-2026,4,SHOP - 594 NGUYEN VAN CU,Giao Hang Tiet Kiem,,3,"360,000"
26062659L9VXH7,26062659L9VXH701,picking,,Không,26-06-2026,4,SHOP - 276 QUANG TRUNG,Giao Hang Tiet Kiem,,5,"391,000"
2606265CNADCXN,2606265CNADCXN01,packed,picking,Không,26-06-2026,4,SHOP - 553 DT 767,Giao Hang Nhanh,GYXGAQL7,2,"283,000"
2606265E3Z81PH,2606265E3Z81PH01,packed,picking,Không,26-06-2026,4,SHOP - 553 DT 767,Giao Hang Nhanh,GYXG84WQ,7,"203,000"
2606265Y7XPGP2,2606265Y7XPGP201,picking,returned_sender,Không,26-06-2026,4,SHOP - 212 LE LOI,Giao Hang Tiet Kiem,,1,"292,000"
260626580HPUTU,260626580HPUTU01,picking,returned_sender,Không,26-06-2026,4,SHOP - 212 LE LOI,Giao Hang Nhanh,,1,"421,000"
2606275MY5HHNX,2606275MY5HHNX01,processing,,Chờ chuyển hàng,27-06-2026,3,SHOP - 568 LUY BAN BICH,Shopee Express,,11,"2,062,000"
26062753U9KFH2,26062753U9KFH201,processing,,Chờ chuyển hàng,27-06-2026,3,SHOP - 232 PHAN BOI CHAU,Shopee Express,,6,"220,000"
2606275U8FQ1GG,2606275U8FQ1GG01,processing,,Không,27-06-2026,3,SHOP - 170 QUOC LO 1A,Giao Hang Tiet Kiem,,6,"1,110,000"
2606275BVQJA0W,2606275BVQJA0W01,processing,,Không,27-06-2026,3,SHOP - 170 QUOC LO 1A,Giao Hang Nhanh,,5,"315,000"
2606275JONPX5X,2606275JONPX5X01,processing,,Chờ chuyển hàng,27-06-2026,3,SHOP - 170 QUOC LO 1A,Shopee Express,,10,"350,000"
2606275KYQQHPJ,2606275KYQQHPJ01,processing,,Không,27-06-2026,3,SHOP - 170 QUOC LO 1A,Giao Hang Nhanh,,8,"904,000"
2606275F6WYXLD,2606275F6WYXLD01,processing,,Chờ chuyển hàng,27-06-2026,3,SHOP - 170 QUOC LO 1A,Shopee Express,,3,"174,000"
2606275SC6QBMG,2606275SC6QBMG01,processing,,Không,27-06-2026,3,SHOP - 170 QUOC LO 1A,Giao Hang Nhanh,,12,"740,000"
2606275R6ZCUZX,2606275R6ZCUZX01,processing,,Chờ chuyển hàng,27-06-2026,3,SHOP - 170 QUOC LO 1A,Giao Hang Tiet Kiem,,4,"178,000"
2606275GQQJ0R9,2606275GQQJ0R901,processing,,Chờ chuyển hàng,27-06-2026,3,SHOP - 295 GIAI PHONG,Shopee Express,,4,"332,000"
260627589MUPNT,260627589MUPNT01,processing,,Chờ chuyển hàng,27-06-2026,3,SHOP - 141 CACH MANG THANG 8,Shopee Express,,4,"304,000"
2606215IRKIXNX,310000006082872,pending,,Không,27-06-2026,3,SHOP - 274 GO XOAI,Shopee Express,,3,"479,000"
2606165EGCHMIM,310000006082869,processing,,Không,27-06-2026,3,SHOP - 191 PHAM VAN DONG,Giao Hang Nhanh,,18,"96,500"
2606275AWO1R1V,2606275AWO1R1V01,processing,,Chờ chuyển hàng,27-06-2026,3,SHOP - 284 BUI THI XUAN,Giao Hang Nhanh,,4,"140,000"
2606275W7EWCQY,2606275W7EWCQY01,processing,,Chờ chuyển hàng,27-06-2026,3,SHOP - 170 QUOC LO 1A,Giao Hang Nhanh,,20,"530,000"
2606275HCF0AK0,2606275HCF0AK001,processing,,Chờ chuyển hàng,27-06-2026,3,SHOP - 7 TINH LO 43,Shopee Express,,5,"293,000"
26062758D8JOC8,26062758D8JOC801,processing,,Chờ chuyển hàng,27-06-2026,3,SHOP - 295 GIAI PHONG,Giao Hang Tiet Kiem,,3,"450,000"
2606275OFH8BR0,2606275OFH8BR001,processing,,Chờ chuyển hàng,27-06-2026,3,SHOP - 113 LUONG KHANH THIEN,Shopee Express,,8,"208,000"
2606275HLA9O93,2606275HLA9O9301,processing,,Không,27-06-2026,3,SHOP - 62 VO THI SAU,Giao Hang Tiet Kiem,,1,"454,000"
2606275B27WUG9,2606275B27WUG901,processing,,Không,27-06-2026,3,SHOP - 170 QUOC LO 1A,Shopee Express,,10,"499,000"
2606275S9MHKCA,2606275S9MHKCA01,processing,,Không,27-06-2026,3,SHOP - 170 QUOC LO 1A,Giao Hang Nhanh,,13,"279,000"
26062750TGWPT6,26062750TGWPT601,packed,cancel,Không,27-06-2026,3,SHOP - 392 NGUYEN VAN QUA,Giao Hang Nhanh,GYXUYG8W,3,"400,000"
2606275LKZNEYU,2606275LKZNEYU01,processing,,Không,27-06-2026,3,SHOP - 170 QUOC LO 1A,Shopee Express,,40,"3,312,000"
2606275SX32YRZ,2606275SX32YRZ01,processing,,Không,27-06-2026,3,SHOP - 170 QUOC LO 1A,Shopee Express,,9,"941,000"
2606275L42VAW0,2606275L42VAW001,processing,,Chờ chuyển hàng,27-06-2026,3,SHOP - 170 QUOC LO 1A,Shopee Express,,1,"261,000"
26062756VIG252,26062756VIG25201,processing,,Chờ chuyển hàng,27-06-2026,3,SHOP - 170 QUOC LO 1A,Giao Hang Tiet Kiem,,3,"280,000"
2606275DVL8WHI,2606275DVL8WHI01,processing,,Không,27-06-2026,3,SHOP - 170 QUOC LO 1A,Giao Hang Nhanh,,6,"610,000"
2606275EG4R8C5,2606275EG4R8C501,packed,cancel,Không,27-06-2026,3,SHOP - 392 NGUYEN VAN QUA,Giao Hang Nhanh,GYXUYLFF,11,"738,000"
2606275N5HCQCG,2606275N5HCQCG01,processing,,Chờ chuyển hàng,27-06-2026,3,SHOP - 219 KHAM THIEN,Shopee Express,,4,"143,000"
2606275ET81T47,2606275ET81T4701,packed,picking,Không,27-06-2026,3,SHOP - 11 QUANG TRUNG,Giao Hang Nhanh,GYXCN4FC,1,"244,000"
260627561VSIM1,260627561VSIM101,packed,picking,Không,27-06-2026,3,SHOP - 11 QUANG TRUNG,Giao Hang Nhanh,GYXCN4FU,1,"355,000"
26062753IT5KB7,26062753IT5KB701,packed,picking,Không,27-06-2026,3,SHOP - 11 QUANG TRUNG,Giao Hang Nhanh,GYXCN4F7,1,"11,000"
2606275MNKYXW6,2606275MNKYXW601,packed,picking,Không,27-06-2026,3,SHOP - 11 QUANG TRUNG,Giao Hang Nhanh,GYXCN4FG,3,"234,000"
2606275RN4R1TF,2606275RN4R1TF01,processing,,Chờ chuyển hàng,27-06-2026,3,SHOP - 170 QUOC LO 1A,Giao Hang Tiet Kiem,,22,"3,774,000"
2606275L0BNFEH,2606275L0BNFEH01,packed,delay_pick,Không,27-06-2026,3,SHOP - 726 HUYNH TAN PHAT,Giao Hang Tiet Kiem,1104262712,8,"864,000"
2606275DSUGXAR,2606275DSUGXAR01,packed,received,Không,27-06-2026,3,SHOP - 554 LE HONG PHONG,Giao Hang Tiet Kiem,1748937243,3,"223,000"
2606275B6NYVIY,2606275B6NYVIY01,packed,received,Không,27-06-2026,3,SHOP - 554 LE HONG PHONG,Giao Hang Tiet Kiem,1142939394,1,"121,000"
2606275WDYOSLA,2606275WDYOSLA01,packed,received,Không,27-06-2026,3,SHOP - 554 LE HONG PHONG,Giao Hang Tiet Kiem,1096389053,1,"107,000"
2606275K6JL2EF,2606275K6JL2EF01,packed,received,Không,27-06-2026,3,SHOP - 554 LE HONG PHONG,Giao Hang Tiet Kiem,1413982268,1,"205,000"
26062750YCQFCF,26062750YCQFCF01,packed,,Không,27-06-2026,3,SHOP - 231 TRAN NGUYEN HAN,Shopee Express,SPXVN065920750816,1,"186,000"
26062757Y5D6AY,26062757Y5D6AY01,packed,,Không,27-06-2026,3,SHOP - 231 TRAN NGUYEN HAN,Shopee Express,SPXVN068628240286,4,"151,000"
2606275Y2KDC62,2606275Y2KDC6201,packed,received,Không,27-06-2026,3,SHOP - 554 LE HONG PHONG,Giao Hang Tiet Kiem,1868433840,1,"153,000"
2606275LWU5YPV,2606275LWU5YPV01,packed,,Không,27-06-2026,3,SHOP - 459 NGUYEN DANG,Shopee Express,SPXVN062770992226,3,"165,000"
2606275Y81GBSA,2606275Y81GBSA01,packed,,Không,27-06-2026,3,SHOP - 459 NGUYEN DANG,Shopee Express,SPXVN060900475836,2,"858,000"
2606275QSE1UQH,2606275QSE1UQH01,packed,,Không,27-06-2026,3,SHOP - 477 LE VAN THO,Shopee Express,SPXVN064886914606,2,"48,000"
2606275NSKAD4C,2606275NSKAD4C01,packed,,Không,27-06-2026,3,SHOP - 459 NGUYEN DANG,Shopee Express,SPXVN061996257886,1,"360,000"
26062754VELRBO,26062754VELRBO01,packed,,Không,27-06-2026,3,SHOP - 459 NGUYEN DANG,Shopee Express,SPXVN067310458926,1,"74,000"
2606275P4RUW11,2606275P4RUW1101,packed,received,Không,27-06-2026,3,SHOP - 554 LE HONG PHONG,Giao Hang Tiet Kiem,1235484955,10,"1,014,000"
2606275NBVMMY3,2606275NBVMMY301,packed,received,Không,27-06-2026,3,SHOP - 554 LE HONG PHONG,Giao Hang Tiet Kiem,1733205583,2,"2,480,000"
2606275GDLIQD7,2606275GDLIQD701,packed,,Không,27-06-2026,3,SHOP - 212 LE LOI,Shopee Express,SPXVN060883656866,1,"266,000"
2606275SL9ASFC,2606275SL9ASFC01,packed,,Không,27-06-2026,3,SHOP - 212 LE LOI,Shopee Express,SPXVN069924754906,1,"157,000"
2606275O9XO4JV,2606275O9XO4JV01,packed,received,Không,27-06-2026,3,SHOP - 554 LE HONG PHONG,Giao Hang Tiet Kiem,1736779371,2,"267,000"
2606275I16KYIY,2606275I16KYIY01,packed,received,Không,27-06-2026,3,SHOP - 554 LE HONG PHONG,Giao Hang Tiet Kiem,1721335812,1,"1,364,000"
2606275RLPY2X7,2606275RLPY2X701,packed,received,Không,27-06-2026,3,SHOP - 554 LE HONG PHONG,Giao Hang Tiet Kiem,1064224869,4,"856,000"
2606275HEF8VGL,2606275HEF8VGL01,packed,received,Không,27-06-2026,3,SHOP - 554 LE HONG PHONG,Giao Hang Tiet Kiem,1489334253,6,"861,000"
2606275DHVK92J,2606275DHVK92J01,packed,ready_to_pick,Không,27-06-2026,3,SHOP - 67 THU Y,Giao Hang Nhanh,GYXCKU3N,2,"330,000"
260627561IVQBW,260627561IVQBW01,packed,ready_to_pick,Không,27-06-2026,3,SHOP - 67 THU Y,Giao Hang Nhanh,GYXCKU3B,2,"550,000"
26062754KHZQ53,26062754KHZQ5301,packed,picking,Không,27-06-2026,3,SHOP - 459 NGUYEN DANG,Giao Hang Nhanh,GYXVNCL9,3,"182,000"
2606275C53HDX2,2606275C53HDX201,packed,picking,Không,27-06-2026,3,SHOP - 459 NGUYEN DANG,Giao Hang Nhanh,GYXVNCLU,2,"213,000"
2606275474REBV,2606275474REBV01,packed,picking,Không,27-06-2026,3,SHOP - 459 NGUYEN DANG,Giao Hang Nhanh,GYXVNCLD,1,"59,000"
2606275WH3DP5U,2606275WH3DP5U01,packed,picking,Không,27-06-2026,3,SHOP - 459 NGUYEN DANG,Giao Hang Nhanh,GYXVNCLB,3,"578,000"
26062755NA4STV,26062755NA4STV01,packed,picking,Không,27-06-2026,3,SHOP - 76 PHAN VAN HON,Giao Hang Nhanh,GYXVF9R6,11,"1,599,000"
2606275G5T1879,2606275G5T187901,packed,picking,Không,27-06-2026,3,SHOP - 182 PHAN DANG LUU,Giao Hang Tiet Kiem,1174906426,2,"182,000"
26062755SPNRZX,26062755SPNRZX01,packed,picking,Không,27-06-2026,3,SHOP - 554 LE HONG PHONG,Giao Hang Nhanh,GYXV9986,2,"695,000"
2606275U41MJK5,2606275U41MJK501,packed,picking,Không,27-06-2026,3,SHOP - 214 QUOC LO 62,Giao Hang Tiet Kiem,1542769904,1,"98,000"
2606275T1M06K7,2606275T1M06K701,packed,picking,Không,27-06-2026,3,SHOP - 214 QUOC LO 62,Giao Hang Tiet Kiem,1220424526,1,"147,000"
26062750KSBE5Z,26062750KSBE5Z01,packed,picking,Không,27-06-2026,3,SHOP - 219 KHAM THIEN,Giao Hang Tiet Kiem,1708218692,3,"164,000"
2606275BM0NK6G,2606275BM0NK6G01,packed,picking,Không,27-06-2026,3,SHOP - 219 KHAM THIEN,Giao Hang Tiet Kiem,1585899699,2,"122,000"
2606275K6RCR7W,2606275K6RCR7W01,packed,picking,Không,27-06-2026,3,SHOP - 174 NGUYEN DU,Giao Hang Tiet Kiem,1983282782,1,"123,000"
2606275QF7ODVH,2606275QF7ODVH01,packed,picking,Không,27-06-2026,3,SHOP - 174 NGUYEN DU,Giao Hang Tiet Kiem,1685399785,2,"501,000"
2606275PJ4IKBS,2606275PJ4IKBS01,packed,picking,Không,27-06-2026,3,SHOP - 34 DT 746,Giao Hang Tiet Kiem,1917058935,4,"599,000"
2606275LHY7KB4,2606275LHY7KB401,packed,picking,Không,27-06-2026,3,SHOP - 212 LE LOI,Giao Hang Nhanh,GYXCQHT7,4,"1,013,000"
26062753RK4RNQ,26062753RK4RNQ01,packed,picking,Không,27-06-2026,3,SHOP - 2857 LUONG DINH CUA,Giao Hang Tiet Kiem,1369553917,2,"128,000"
2606275SR1N3ZM,2606275SR1N3ZM01,packed,picking,Không,27-06-2026,3,SHOP - 553 DT 767,Giao Hang Nhanh,GYXUDHWP,2,"203,000"
26062755EPV9Z1,26062755EPV9Z101,packed,picking,Không,27-06-2026,3,SHOP - 553 DT 767,Giao Hang Nhanh,GYXU8KYM,20,"2,260,000"
2606275G1K1UXH,2606275G1K1UXH01,picking,,Không,27-06-2026,3,SHOP - 170 QUOC LO 1A,Giao Hang Nhanh,,24,"1,824,000"
2606275YU8AJKK,2606275YU8AJKK01,picking,returned_sender,Không,27-06-2026,3,SHOP - 212 LE LOI,Giao Hang Tiet Kiem,,1,"69,000"
2606275UKC6N41,2606275UKC6N4101,packed,picking,Không,27-06-2026,3,SHOP - 457 NGUYEN VAN TAO,Giao Hang Tiet Kiem,1310120875,2,"67,000"
2606275Y8ZIBRN,2606275Y8ZIBRN01,packed,picking,Không,27-06-2026,3,SHOP - 1 22 THANG 12,Giao Hang Tiet Kiem,1611983367,1,"148,000"
2606275BLCTVEQ,2606275BLCTVEQ01,packed,picking,Không,27-06-2026,3,SHOP - 1261 PHAM HUNG,Giao Hang Tiet Kiem,1755760335,1,"203,000"
2606275H8T37AV,2606275H8T37AV01,packed,picking,Không,27-06-2026,3,SHOP - 116 QUOC LO 14,Giao Hang Tiet Kiem,1183641287,3,"214,000"
2606285L911VQV,2606285L911VQV01,processing,,Chờ chuyển hàng,28-06-2026,2,SHOP - 170 QUOC LO 1A,Giao Hang Nhanh,,40,"2,850,000"
2606285YWEYYWN,2606285YWEYYWN01,processing,,Chờ chuyển hàng,28-06-2026,2,SHOP - 170 QUOC LO 1A,Giao Hang Nhanh,,7,"338,000"
26062850V73ENH,26062850V73ENH01,processing,,Không,28-06-2026,2,SHOP - 170 QUOC LO 1A,Giao Hang Tiet Kiem,,1,"100,000"
26062856EGSPIE,26062856EGSPIE01,processing,,Không,28-06-2026,2,SHOP - 170 QUOC LO 1A,Giao Hang Nhanh,,7,"1,087,000"
260628560B774C,260628560B774C01,processing,,Chờ chuyển hàng,28-06-2026,2,SHOP - 170 QUOC LO 1A,Giao Hang Nhanh,,8,"864,000"
2606285W0GFGPL,2606285W0GFGPL01,processing,,Chờ chuyển hàng,28-06-2026,2,SHOP - 170 QUOC LO 1A,Giao Hang Nhanh,,12,"101,000"
2606285KS2C43Y,2606285KS2C43Y01,processing,,Chờ chuyển hàng,28-06-2026,2,SHOP - 141 CACH MANG THANG 8,Shopee Express,,5,"352,000"
26062852PIQU4R,26062852PIQU4R01,processing,,Chờ chuyển hàng,28-06-2026,2,SHOP - 170 QUOC LO 1A,Shopee Express,,6,"210,000"
260628502U2GQO,260628502U2GQO01,processing,,Chờ chuyển hàng,28-06-2026,2,SHOP - 170 QUOC LO 1A,Giao Hang Nhanh,,8,"422,000"
2606285SEAZG0G,2606285SEAZG0G01,processing,,Chờ chuyển hàng,28-06-2026,2,SHOP - 170 QUOC LO 1A,Giao Hang Nhanh,,6,"314,000"
2606285W5INJYT,2606285W5INJYT01,processing,,Không,28-06-2026,2,SHOP - 170 QUOC LO 1A,Giao Hang Nhanh,,7,"1,367,000"
2606285GO0SD2R,2606285GO0SD2R01,processing,,Không,28-06-2026,2,SHOP - 170 QUOC LO 1A,Giao Hang Nhanh,,23,"1,646,000"
2606285U2Y1RQV,2606285U2Y1RQV01,processing,,Không,28-06-2026,2,SHOP - 170 QUOC LO 1A,Shopee Express,,8,"269,000"
26062859ZNZIKQ,26062859ZNZIKQ01,processing,,Không,28-06-2026,2,SHOP - 170 QUOC LO 1A,Shopee Express,,11,"267,000"
2606285MUTS8ON,2606285MUTS8ON01,packed,ready_to_pick,Không,28-06-2026,2,SHOP - 1009 TRAN HUNG DAO,Giao Hang Nhanh,GYXCR47K,2,"207,000"
2606285QLNHXO4,2606285QLNHXO401,processing,,Không,28-06-2026,2,SHOP - 170 QUOC LO 1A,Shopee Express,,9,"1,240,000"
2606285Y7UXV25,2606285Y7UXV2501,processing,,Chờ chuyển hàng,28-06-2026,2,SHOP - 219 KHAM THIEN,Shopee Express,,3,"397,000"
2606285FMI901L,2606285FMI901L01,processing,,Chờ chuyển hàng,28-06-2026,2,SHOP - 170 QUOC LO 1A,Giao Hang Nhanh,,6,"498,000"
2606285Q2XEI8I,2606285Q2XEI8I01,processing,,Chờ chuyển hàng,28-06-2026,2,SHOP - 170 QUOC LO 1A,Shopee Express,,3,"306,000"
260628561QKNLC,260628561QKNLC01,processing,,Không,28-06-2026,2,SHOP - 170 QUOC LO 1A,Giao Hang Nhanh,,8,"1,097,000"
2606285B0Q1K61,2606285B0Q1K6101,processing,,Không,28-06-2026,2,SHOP - 170 QUOC LO 1A,Giao Hang Nhanh,,7,"139,000"
2606285Y8JHWGI,2606285Y8JHWGI01,processing,,Chờ chuyển hàng,28-06-2026,2,SHOP - 477 LE VAN THO,Giao Hang Tiet Kiem,,2,"447,000"
26062859Q53Q9E,26062859Q53Q9E01,packed,ready_to_pick,Không,28-06-2026,2,SHOP - 1009 TRAN HUNG DAO,Giao Hang Nhanh,GYXCX6P8,1,"281,000"
2606285Q22SRZH,2606285Q22SRZH01,processing,,Chờ chuyển hàng,28-06-2026,2,SHOP - 170 QUOC LO 1A,Giao Hang Tiet Kiem,,10,"1,641,000"
260628578DKJ7Q,260628578DKJ7Q01,processing,,Chờ chuyển hàng,28-06-2026,2,SHOP - 170 QUOC LO 1A,Shopee Express,,6,"204,000"
2606285Z5S049S,2606285Z5S049S01,processing,,Chờ chuyển hàng,28-06-2026,2,SHOP - 182 PHAN DANG LUU,Giao Hang Nhanh,,26,"413,000"
2606285BTSEC5B,2606285BTSEC5B01,processing,,Không,28-06-2026,2,SHOP - 170 QUOC LO 1A,Giao Hang Nhanh,,4,"990,000"
2606285OGA7OCF,2606285OGA7OCF01,processing,,Chờ chuyển hàng,28-06-2026,2,SHOP - 170 QUOC LO 1A,Giao Hang Tiet Kiem,,7,"489,000"
2606285QLANZWN,2606285QLANZWN01,processing,,Không,28-06-2026,2,SHOP - 170 QUOC LO 1A,Giao Hang Tiet Kiem,,3,"91,000"
2606285OKNC5IZ,2606285OKNC5IZ01,processing,,Không,28-06-2026,2,SHOP - 170 QUOC LO 1A,Giao Hang Nhanh,,12,"225,000"
2606285RKWZ5PE,2606285RKWZ5PE01,processing,,Chờ chuyển hàng,28-06-2026,2,SHOP - 182 PHAN DANG LUU,Shopee Express,,2,"79,000"
310000006083206,310000006083207,processing,,Chờ chuyển hàng,28-06-2026,2,SHOP - 517 PHU LOI,Shopee Express,,1,"1,462,000"
2606285RH95MD1,2606285RH95MD101,processing,,Chờ chuyển hàng,28-06-2026,2,SHOP - 362 DONG KHOI,Giao Hang Nhanh,,9,"1,061,000"
260628524JNE8P,260628524JNE8P01,processing,,Chờ chuyển hàng,28-06-2026,2,SHOP - 170 QUOC LO 1A,Giao Hang Nhanh,,10,"1,040,000"
26062859S66094,26062859S6609401,processing,,Chờ chuyển hàng,28-06-2026,2,SHOP - 170 QUOC LO 1A,Giao Hang Tiet Kiem,,2,"344,000"
2606285MKAHOB1,2606285MKAHOB101,processing,,Không,28-06-2026,2,SHOP - 170 QUOC LO 1A,Giao Hang Tiet Kiem,,2,"420,000"
2606285CNBEHD4,2606285CNBEHD401,processing,,Chờ chuyển hàng,28-06-2026,2,SHOP - 76 PHAN VAN HON,Giao Hang Tiet Kiem,,1,"110,000"
2606285NM88K7E,2606285NM88K7E01,processing,,Chờ chuyển hàng,28-06-2026,2,SHOP - 362 DONG KHOI,Giao Hang Nhanh,,6,"1,110,000"
26062858OBKIZP,26062858OBKIZP01,processing,,Chờ chuyển hàng,28-06-2026,2,SHOP - 170 QUOC LO 1A,Giao Hang Tiet Kiem,,7,"198,000"
2606285JD1JRIY,2606285JD1JRIY01,processing,,Chờ chuyển hàng,28-06-2026,2,SHOP - 170 QUOC LO 1A,Giao Hang Nhanh,,8,"864,000"
2606285XJFHMYV,2606285XJFHMYV01,processing,,Chờ chuyển hàng,28-06-2026,2,SHOP - 334 DINH BO LINH,Shopee Express,,16,"2,811,000"
2606285BRTHUGR,2606285BRTHUGR01,processing,,Chờ chuyển hàng,28-06-2026,2,SHOP - 170 QUOC LO 1A,Giao Hang Nhanh,,14,"116,000"
26062858RFRP64,26062858RFRP6401,processing,,Chờ chuyển hàng,28-06-2026,2,SHOP - 170 QUOC LO 1A,Giao Hang Nhanh,,2,"344,000"
2606285BIVQHXI,2606285BIVQHXI01,processing,,Chờ chuyển hàng,28-06-2026,2,SHOP - 199 HUNG VUONG,Shopee Express,,61,"7,500,000"
2606285TIHNSXD,2606285TIHNSXD01,processing,,Chờ chuyển hàng,28-06-2026,2,SHOP - 284 BUI THI XUAN,Giao Hang Nhanh,,2,"439,000"
260628534SD1PJ,260628534SD1PJ01,processing,,Chờ chuyển hàng,28-06-2026,2,SHOP - 1207 NGUYEN DUY TRINH,Giao Hang Nhanh,,2,"373,000"
2606285D2DKC2M,2606285D2DKC2M01,processing,,Chờ chuyển hàng,28-06-2026,2,SHOP - 362 DONG KHOI,Giao Hang Nhanh,,3,"188,000"
2606285822IDEA,2606285822IDEA01,processing,,Chờ chuyển hàng,28-06-2026,2,SHOP - 477 LE VAN THO,Giao Hang Tiet Kiem,,6,"318,000"
2606285OV0MTLW,2606285OV0MTLW01,processing,,Không,28-06-2026,2,SHOP - 459 NGUYEN DANG,Shopee Express,,1,"90,000"
26062850RII96Q,26062850RII96Q01,processing,,Không,28-06-2026,2,SHOP - 170 QUOC LO 1A,Giao Hang Nhanh,,8,"1,007,000"
2606285SSEE4QG,2606285SSEE4QG01,picking,,Không,28-06-2026,2,SHOP - 594 NGUYEN VAN CU,Giao Hang Nhanh,,14,"424,000"
2606285BMGM1C2,2606285BMGM1C201,packed,picking,Không,28-06-2026,2,SHOP - 11 QUANG TRUNG,Giao Hang Nhanh,GYXVF476,1,"125,000"
2606285LHMW3NQ,2606285LHMW3NQ01,packed,picking,Không,28-06-2026,2,SHOP - 11 QUANG TRUNG,Giao Hang Nhanh,GYX9BBDT,1,"169,000"
2606285ZE71KRK,2606285ZE71KRK01,packed,picking,Không,28-06-2026,2,SHOP - 11 QUANG TRUNG,Giao Hang Nhanh,GYX9BBDB,2,"668,000"
2606285O9M91R8,2606285O9M91R801,packed,picking,Không,28-06-2026,2,SHOP - 11 QUANG TRUNG,Giao Hang Nhanh,GYX9BBDA,1,"398,000"
2606285318GFSH,2606285318GFSH01,packed,picking,Không,28-06-2026,2,SHOP - 11 QUANG TRUNG,Giao Hang Nhanh,GYX9BBPU,1,"99,000"
2606285IZK4PIF,2606285IZK4PIF01,processing,,Chờ chuyển hàng,28-06-2026,2,SHOP - 1207 NGUYEN DUY TRINH,Shopee Express,,7,"756,000"
2606285X3B9DZG,2606285X3B9DZG01,processing,,Không,28-06-2026,2,SHOP - 554 LE HONG PHONG,Shopee Express,,2,"108,000"
2606285H6KAA3A,2606285H6KAA3A01,processing,,Chờ chuyển hàng,28-06-2026,2,SHOP - 1207 NGUYEN DUY TRINH,Shopee Express,,1,"134,000"
2606285ZI592ZY,2606285ZI592ZY01,processing,,Không trả lời,28-06-2026,2,SHOP - 170 QUOC LO 1A,Giao Hang Nhanh,,6,"1,077,000"
2606285A4TK776,2606285A4TK77601,packed,picking,Không,28-06-2026,2,SHOP - 11 QUANG TRUNG,Giao Hang Nhanh,GYX9BBD9,2,"112,000"
2606285H8F5KWX,2606285H8F5KWX01,processing,cancel,Không,28-06-2026,2,SHOP - 554 LE HONG PHONG,Giao Hang Tiet Kiem,,3,"185,000"
26062859TO4Q0V,26062859TO4Q0V01,packed,picking,Không,28-06-2026,2,SHOP - 1967 DT 768,Giao Hang Tiet Kiem,1388473093,4,"292,000"
2606285JZBBUAZ,2606285JZBBUAZ01,processing,,Không,28-06-2026,2,SHOP - 554 LE HONG PHONG,Giao Hang Tiet Kiem,,1,"145,000"
2606285NOK938M,2606285NOK938M01,packed,,Không,28-06-2026,2,SHOP - 174 PHAN DINH PHUNG,Shopee Express,SPXVN067495658186,3,"727,000"
2606285PECEMO2,2606285PECEMO201,packed,,Không,28-06-2026,2,SHOP - 174 PHAN DINH PHUNG,Shopee Express,SPXVN066763438206,2,"187,000"
2606285UR1L0OF,2606285UR1L0OF01,packed,,Không,28-06-2026,2,SHOP - 174 PHAN DINH PHUNG,Shopee Express,SPXVN064934279196,4,"1,239,000"
2606285FPRUAUE,2606285FPRUAUE01,packed,,Không,28-06-2026,2,SHOP - 174 PHAN DINH PHUNG,Shopee Express,SPXVN066493238226,2,"298,000"
2606285NT7FFVC,2606285NT7FFVC01,packed,,Không,28-06-2026,2,SHOP - 174 PHAN DINH PHUNG,Shopee Express,SPXVN069996225886,2,"726,000"
2606285B9ZCRGE,2606285B9ZCRGE01,packed,,Không,28-06-2026,2,SHOP - 174 PHAN DINH PHUNG,Shopee Express,SPXVN068350216366,2,"48,000"
26062855L25CZZ,26062855L25CZZ01,processing,,Không,28-06-2026,2,SHOP - 676 DIEN BIEN,Shopee Express,,3,"257,000"
2606285NPMPLIT,2606285NPMPLIT01,packed,,Không,28-06-2026,2,SHOP - 554 LE HONG PHONG,Shopee Express,SPXVN063628342726,2,"264,000"
2606285IRK1N1S,2606285IRK1N1S01,packed,,Không,28-06-2026,2,SHOP - 554 LE HONG PHONG,Shopee Express,SPXVN064730300986,4,"522,000"
2606285XI0Q304,2606285XI0Q30401,packed,,Không,28-06-2026,2,SHOP - 219 KHAM THIEN,Shopee Express,SPXVN067422196896,1,"118,000"
26062851JA79VW,26062851JA79VW01,packed,,Không,28-06-2026,2,SHOP - 219 KHAM THIEN,Shopee Express,SPXVN068005209826,1,"169,000"
26062851OSMJ71,26062851OSMJ7101,packed,,Không,28-06-2026,2,SHOP - 554 LE HONG PHONG,Shopee Express,SPXVN069815146626,1,"145,000"
2606285RTO8NXD,2606285RTO8NXD01,packed,,Không,28-06-2026,2,SHOP - 191 DO TUONG PHONG,Shopee Express,SPXVN065828196686,4,"325,000"
2606285QW1YGFN,2606285QW1YGFN01,packed,,Không,28-06-2026,2,SHOP - 554 LE HONG PHONG,Shopee Express,SPXVN060752780966,3,"121,000"
2606285SNTD9MP,2606285SNTD9MP01,packed,,Không,28-06-2026,2,SHOP - 554 LE HONG PHONG,Shopee Express,SPXVN060680651646,1,"115,000"
2606285LA4X1RP,2606285LA4X1RP01,packed,received,Không,28-06-2026,2,SHOP - 1261 PHAM HUNG,Giao Hang Tiet Kiem,1787907687,1,"262,000"
2606285JJSIJSZ,2606285JJSIJSZ01,packed,ready_to_pick,Không,28-06-2026,2,SHOP - 75 DONG KHOI,Giao Hang Nhanh,GYXVLTNR,2,"396,000"
2606285XN9SNG3,2606285XN9SNG301,packed,ready_to_pick,Không,28-06-2026,2,SHOP - 75 DONG KHOI,Giao Hang Nhanh,GYXVL4RG,3,"187,000"
260628516O1T5H,260628516O1T5H01,packed,,Không,28-06-2026,2,SHOP - 384 PHAN BOI CHAU,Shopee Express,SPXVN061199638096,2,"287,000"
2606285OIG30P9,2606285OIG30P901,packed,received,Không,28-06-2026,2,SHOP - 726 HUYNH TAN PHAT,Giao Hang Tiet Kiem,1457183701,3,"137,000"
2606285OLYJ25G,2606285OLYJ25G01,packed,,Không,28-06-2026,2,SHOP - 240 TINH LO 825,Shopee Express,SPXVN068398859826,2,"348,000"
2606285SLC928W,2606285SLC928W01,packed,,Không,28-06-2026,2,SHOP - 362 DONG KHOI,Shopee Express,SPXVN067207026236,6,"1,012,000"
26062855ZQVRK5,26062855ZQVRK501,packed,,Không,28-06-2026,2,SHOP - 362 DONG KHOI,Shopee Express,SPXVN067466011326,3,"258,000"
26062855NXC2YJ,26062855NXC2YJ01,packed,,Không,28-06-2026,2,SHOP - 231 TRAN NGUYEN HAN,Shopee Express,SPXVN065167772606,1,"188,000"
2606285GOL62MM,2606285GOL62MM01,packed,,Không,28-06-2026,2,SHOP - 459 NGUYEN DANG,Shopee Express,SPXVN065348207186,2,"92,000"
26062850GZSBM7,26062850GZSBM701,packed,,Không,28-06-2026,2,SHOP - 477 LE VAN THO,Shopee Express,SPXVN064913890866,1,"228,000"
2606285NWTCZP5,2606285NWTCZP501,packed,,Không,28-06-2026,2,SHOP - 477 LE VAN THO,Shopee Express,SPXVN064862135416,5,"110,000"
2606285NKSPC05,2606285NKSPC0501,packed,,Không,28-06-2026,2,SHOP - 477 LE VAN THO,Shopee Express,SPXVN065073587156,1,"91,000"
2606285JW5BDRP,2606285JW5BDRP01,packed,,Không,28-06-2026,2,SHOP - 477 LE VAN THO,Shopee Express,SPXVN067606014406,2,"421,000"
2606285K0C7AKP,2606285K0C7AKP01,packed,,Không,28-06-2026,2,SHOP - 477 LE VAN THO,Shopee Express,SPXVN062052988376,1,"139,000"
2606285I9Q0J6F,2606285I9Q0J6F01,packed,,Không,28-06-2026,2,SHOP - 477 LE VAN THO,Shopee Express,SPXVN069369273146,4,"560,000"
26062859EQ65DY,26062859EQ65DY01,packed,,Không,28-06-2026,2,SHOP - 459 NGUYEN DANG,Shopee Express,SPXVN068335171966,2,"192,000"
2606285K0UJBK3,2606285K0UJBK301,packed,,Không,28-06-2026,2,SHOP - 554 LE HONG PHONG,Shopee Express,SPXVN062510641016,3,"561,000"
2606285SE6S6VB,2606285SE6S6VB01,packed,,Không,28-06-2026,2,SHOP - 554 LE HONG PHONG,Shopee Express,SPXVN066775810696,1,"83,000"
2606285UD9OLV2,2606285UD9OLV201,packed,delay_pick,Không,28-06-2026,2,SHOP - 122 TRAN HUNG DAO,Giao Hang Tiet Kiem,1447165400,1,"93,000"
2606285TIYYULD,2606285TIYYULD01,packed,,Không,28-06-2026,2,SHOP - 384 NGUYEN TAT THANH,Shopee Express,SPXVN063682110926,1,"298,000"
2606285C30A91K,2606285C30A91K01,packed,received,Không,28-06-2026,2,SHOP - 554 LE HONG PHONG,Giao Hang Tiet Kiem,1622487144,1,"319,000"
2606285JTBVKZV,2606285JTBVKZV01,packed,ready_to_pick,Không,28-06-2026,2,SHOP - 75 DONG KHOI,Giao Hang Nhanh,GYXVL468,1,"173,000"
260628588BI6CY,260628588BI6CY01,packed,ready_to_pick,Không,28-06-2026,2,SHOP - 75 DONG KHOI,Giao Hang Nhanh,GYXVLKAV,1,"369,000"
2606285Q6BEJRJ,2606285Q6BEJRJ01,packed,ready_to_pick,Không,28-06-2026,2,SHOP - 75 DONG KHOI,Giao Hang Nhanh,GYXVLN7W,2,"153,000"
2606285BWJF3G0,2606285BWJF3G001,packed,received,Không,28-06-2026,2,SHOP - 554 LE HONG PHONG,Giao Hang Tiet Kiem,1850194488,2,"323,000"
2606285VGU2G5E,2606285VGU2G5E01,processing,,Không,28-06-2026,2,SHOP - 1207 NGUYEN DUY TRINH,Giao Hang Nhanh,,1,"166,000"
2606285UI4T1KA,2606285UI4T1KA01,processing,,Không,28-06-2026,2,SHOP - 1207 NGUYEN DUY TRINH,Shopee Express,,4,"824,000"
2606285OU0M8ZZ,2606285OU0M8ZZ01,packed,received,Không,28-06-2026,2,SHOP - 1261 PHAM HUNG,Giao Hang Tiet Kiem,1587964160,2,"188,000"
2606285RGWSV7S,2606285RGWSV7S01,packed,,Không,28-06-2026,2,SHOP - 240 TINH LO 825,Shopee Express,SPXVN065120124656,2,"157,000"
2606285GEIIQWR,2606285GEIIQWR01,packed,,Không,28-06-2026,2,SHOP - 240 TINH LO 825,Shopee Express,SPXVN064211987356,1,"94,000"
260628583BPMNK,260628583BPMNK01,packed,,Không,28-06-2026,2,SHOP - 459 NGUYEN DANG,Shopee Express,SPXVN067491434816,1,"135,000"
2606285G0ZS32Y,2606285G0ZS32Y01,packed,,Không,28-06-2026,2,SHOP - 459 NGUYEN DANG,Shopee Express,SPXVN069559915386,2,"194,000"
260628504PGAYG,260628504PGAYG01,packed,,Không,28-06-2026,2,SHOP - 459 NGUYEN DANG,Shopee Express,SPXVN061506678826,1,"152,000"
2606285KWBTVQN,2606285KWBTVQN01,packed,,Không,28-06-2026,2,SHOP - 459 NGUYEN DANG,Shopee Express,SPXVN069883130486,2,"420,000"
26062854B5UVK8,26062854B5UVK801,processing,,Không,28-06-2026,2,SHOP - 116 QUOC LO 14,Shopee Express,,2,"69,000"
2606285REVJRDU,2606285REVJRDU01,packed,,Không,28-06-2026,2,SHOP - 554 LE HONG PHONG,Shopee Express,SPXVN067010171966,1,"99,000"
260628540B7WWN,260628540B7WWN01,packed,ready_to_pick,Không,28-06-2026,2,SHOP - 219 KHAM THIEN,Giao Hang Nhanh,GYXVNEA8,1,"135,000"
2606285315LI29,2606285315LI2901,processing,,Không,28-06-2026,2,SHOP - 251 THOI HOA,Shopee Express,,2,"2,583,000"
26062857HW5XC6,26062857HW5XC601,packed,,Không,28-06-2026,2,SHOP - 212 LE LOI,Shopee Express,SPXVN062077348126,1,"99,000"
2606285S51PTYX,2606285S51PTYX01,packed,,Không,28-06-2026,2,SHOP - 212 LE LOI,Shopee Express,SPXVN062705132326,3,"436,000"
2606285U3H6BT2,2606285U3H6BT201,packed,,Không,28-06-2026,2,SHOP - 212 LE LOI,Shopee Express,SPXVN066552676946,2,"48,000"
2606285UYAA9E4,2606285UYAA9E401,packed,,Không,28-06-2026,2,SHOP - 212 LE LOI,Shopee Express,SPXVN064065590716,2,"596,000"
2606285RLWYLLE,2606285RLWYLLE01,packed,,Không,28-06-2026,2,SHOP - 212 LE LOI,Shopee Express,SPXVN064902128066,1,"159,000"
2606285T0L1SKS,2606285T0L1SKS01,packed,,Không,28-06-2026,2,SHOP - 212 LE LOI,Shopee Express,SPXVN064945213286,2,"345,000"
2606285BJB7KZU,2606285BJB7KZU01,packed,,Không,28-06-2026,2,SHOP - 212 LE LOI,Shopee Express,SPXVN063922271586,2,"239,000"
26062853TRK25D,26062853TRK25D01,packed,,Không,28-06-2026,2,SHOP - 212 LE LOI,Shopee Express,SPXVN062206818916,1,"173,000"
2606285RAIQYXG,2606285RAIQYXG01,packed,,Không,28-06-2026,2,SHOP - 212 LE LOI,Shopee Express,SPXVN069746792146,1,"108,000"
2606285USXSXW8,2606285USXSXW801,packed,,Không,28-06-2026,2,SHOP - 125 NGUYEN TRUNG TRUC,Shopee Express,SPXVN061028320116,1,"96,000"
2606285I8MFI2D,2606285I8MFI2D01,processing,,Không,28-06-2026,2,SHOP - 554 LE HONG PHONG,Shopee Express,,8,"375,000"
2606285TJSPPQC,2606285TJSPPQC01,processing,,Không,28-06-2026,2,SHOP - 554 LE HONG PHONG,Shopee Express,,1,"141,000"
2606285RQACN73,2606285RQACN7301,processing,,Không,28-06-2026,2,SHOP - 554 LE HONG PHONG,Shopee Express,,2,"165,000"
2606285AW3N5EM,2606285AW3N5EM01,processing,,Không,28-06-2026,2,SHOP - 554 LE HONG PHONG,Shopee Express,,2,"582,000"
2606285X8UTOSY,2606285X8UTOSY01,packed,,Không,28-06-2026,2,SHOP - 389 HUNG VUONG,Shopee Express,SPXVN066863716896,2,"198,000"
2606285ZQTFU12,2606285ZQTFU1201,packed,received,Không,28-06-2026,2,SHOP - 517 PHU LOI,Giao Hang Tiet Kiem,1450414428,1,"118,000"
26062858F4WW53,26062858F4WW5301,packed,received,Không,28-06-2026,2,SHOP - 517 PHU LOI,Giao Hang Tiet Kiem,1906911446,1,"144,000"
26062857PSQTQ6,26062857PSQTQ601,packed,delay_pick,Không,28-06-2026,2,SHOP - 594 NGUYEN VAN CU,Giao Hang Tiet Kiem,1926640544,1,"148,000"
2606285TFKGDJE,2606285TFKGDJE01,packed,,Không,28-06-2026,2,SHOP - QUOC LO 51,Shopee Express,SPXVN065899356076,2,"122,000"
2606285H08XAO4,2606285H08XAO401,packed,,Không,28-06-2026,2,SHOP - 303 HUNG VUONG,Shopee Express,SPXVN062717947266,1,"39,000"
2606285BRMQTNO,2606285BRMQTNO01,packed,,Không,28-06-2026,2,SHOP - 303 HUNG VUONG,Shopee Express,SPXVN060069881886,3,"329,000"
2606285Z5DPJH7,2606285Z5DPJH701,packed,ready_to_pick,Không,28-06-2026,2,SHOP - 75 DONG KHOI,Giao Hang Nhanh,GYXVVUEX,1,"139,000"
26062851GUQ2AD,26062851GUQ2AD01,packed,,Không,28-06-2026,2,SHOP - 240 TINH LO 825,Shopee Express,SPXVN061284884286,1,"214,000"
2606285Y76ZZAI,2606285Y76ZZAI01,packed,ready_to_pick,Không,28-06-2026,2,SHOP - 75 DONG KHOI,Giao Hang Nhanh,GYXVVVEF,3,"245,000"
2606285X2A9R7S,2606285X2A9R7S01,packed,,Không,28-06-2026,2,SHOP - 70 LE VAN KHUONG,Shopee Express,SPXVN063018131966,2,"280,000"
2606285BFX3W1I,2606285BFX3W1I01,packed,ready_to_pick,Không,28-06-2026,2,SHOP - 75 DONG KHOI,Giao Hang Nhanh,GYXVVUEH,1,"131,000"
2606285DLQWNB3,2606285DLQWNB301,packed,,Không,28-06-2026,2,SHOP - 240 TINH LO 825,Shopee Express,SPXVN068881393606,3,"137,000"
260628547NCKHY,260628547NCKHY01,packed,ready_to_pick,Không,28-06-2026,2,SHOP - 67 THU Y,Giao Hang Nhanh,GYXCKU3P,1,"120,000"
2606285LDGUZAO,2606285LDGUZAO01,packed,ready_to_pick,Không,28-06-2026,2,SHOP - 67 THU Y,Giao Hang Nhanh,GYXVV3LB,4,"615,000"
2606285K0MVNBH,2606285K0MVNBH01,packed,ready_to_pick,Không,28-06-2026,2,SHOP - 67 THU Y,Giao Hang Nhanh,GYXCMGDH,2,"271,000"
2606285F0IBMS3,2606285F0IBMS301,packed,picking,Không,28-06-2026,2,SHOP - 392 LY THAI TO,Giao Hang Tiet Kiem,1791414525,9,"1,161,000"
2606285AYPZ707,2606285AYPZ70701,packed,picking,Không,28-06-2026,2,SHOP - 459 NGUYEN DANG,Giao Hang Nhanh,GYXVNCLN,1,"132,000"
2606285UQ8GRIC,2606285UQ8GRIC01,packed,picking,Không,28-06-2026,2,SHOP - 459 NGUYEN DANG,Giao Hang Nhanh,GYXVNCLC,1,"96,000"
2606285FZ3OA16,2606285FZ3OA1601,packed,picking,Không,28-06-2026,2,SHOP - 459 NGUYEN DANG,Giao Hang Nhanh,GYXVNCLP,1,"149,000"
2606285RZAY5ZB,2606285RZAY5ZB01,packed,picking,Không,28-06-2026,2,SHOP - 459 NGUYEN DANG,Giao Hang Nhanh,GYXVNCLV,2,"368,000"
2606285D6MNDXY,2606285D6MNDXY01,packed,picking,Không,28-06-2026,2,SHOP - 459 NGUYEN DANG,Giao Hang Nhanh,GYXVNCL6,1,"186,000"
260628579RTG8D,260628579RTG8D01,packed,picking,Không,28-06-2026,2,SHOP - 554 LE HONG PHONG,Giao Hang Nhanh,GYXVNHFK,1,"96,000"
2606285AAHIYJJ,2606285AAHIYJJ01,packed,picking,Không,28-06-2026,2,SHOP - 214 QUOC LO 62,Giao Hang Tiet Kiem,1589323690,1,"64,000"
2606285V64WBUL,2606285V64WBUL01,packed,picking,Không,28-06-2026,2,SHOP - 214 QUOC LO 62,Giao Hang Tiet Kiem,1329273104,2,"148,000"
2606285GZKILDI,2606285GZKILDI01,packed,picking,Không,28-06-2026,2,SHOP - 240 TINH LO 825,Giao Hang Nhanh,GYXV69GP,1,"149,000"
26062858QT72BK,26062858QT72BK01,packed,picking,Không,28-06-2026,2,SHOP - 362 DONG KHOI,Giao Hang Tiet Kiem,1339283136,4,"499,000"
2606285J3RF69N,2606285J3RF69N01,packed,picking,Không,28-06-2026,2,SHOP - 362 DONG KHOI,Giao Hang Tiet Kiem,1312467485,1,"108,000"
2606285Y40SBVA,2606285Y40SBVA01,packed,picking,Không,28-06-2026,2,SHOP - 79 XUAN LA,Giao Hang Nhanh,GYXVVXB7,2,"182,000"
2606285Y3MFY67,2606285Y3MFY6701,packed,picking,Không,28-06-2026,2,SHOP - 1 22 THANG 12,Giao Hang Nhanh,GYXCR4T4,3,"137,000"
2606285CISL5IV,2606285CISL5IV01,packed,picking,Không,28-06-2026,2,SHOP - 1 22 THANG 12,Giao Hang Nhanh,GYXV6D98,3,"593,000"
2606285DX9ZVLP,2606285DX9ZVLP01,packed,picking,Không,28-06-2026,2,SHOP - 1 22 THANG 12,Giao Hang Nhanh,GYX9W8EC,2,"339,000"
2606285TRVC8V3,2606285TRVC8V301,packed,picking,Không,28-06-2026,2,SHOP - 1 22 THANG 12,Giao Hang Nhanh,GYX9W89K,3,"868,000"
2606285CH8ABW3,2606285CH8ABW301,packed,picking,Không,28-06-2026,2,SHOP - 60 NGUYEN CONG TRU,Giao Hang Nhanh,GYXVQD8K,1,"139,000"
2606285QOYWI4I,2606285QOYWI4I01,packed,picking,Không,28-06-2026,2,SHOP - 60 NGUYEN CONG TRU,Giao Hang Nhanh,GYXVQD84,1,"144,000"
2606285I742L6B,2606285I742L6B01,packed,picking,Không,28-06-2026,2,SHOP - 240 TINH LO 825,Giao Hang Nhanh,GYXVV34P,1,"174,000"
26062855GIIP7X,26062855GIIP7X01,packed,picking,Không,28-06-2026,2,SHOP - 212 LE LOI,Giao Hang Nhanh,GYXVU6B9,3,"495,000"
26062852SHIU09,26062852SHIU0901,packed,received,Không,28-06-2026,2,SHOP - 212 LE LOI,Giao Hang Tiet Kiem,1551731468,1,"369,000"
2606285QVCPYUT,2606285QVCPYUT01,packed,,Không,28-06-2026,2,SHOP - 170 QUOC LO 1A,Shopee Express,SPXVN067965892626,1,"260,000"
2606285K1K760G,2606285K1K760G01,picking,,Không,28-06-2026,2,SHOP - 170 QUOC LO 1A,Giao Hang Nhanh,,5,"605,000"
2606285S895ZTO,2606285S895ZTO01,picking,,Không,28-06-2026,2,SHOP - 170 QUOC LO 1A,Giao Hang Nhanh,,1,"314,000"
2606285AQ5FWHO,2606285AQ5FWHO01,picking,,Không,28-06-2026,2,SHOP - 170 QUOC LO 1A,Giao Hang Tiet Kiem,,2,"48,000"
2606285W4KHF0F,2606285W4KHF0F01,picking,,Không,28-06-2026,2,SHOP - 170 QUOC LO 1A,Giao Hang Tiet Kiem,,10,"1,380,000"
2606285WWZ0AI6,2606285WWZ0AI601,picking,,Không,28-06-2026,2,SHOP - 170 QUOC LO 1A,Giao Hang Tiet Kiem,,1,"91,000"
2606255TH3NSV7,310000006083215,packed,picking,Không,28-06-2026,2,SHOP - 174 NGUYEN DU,Giao Hang Tiet Kiem,1455756767,9,"232,000"
26062859FMLFWE,26062859FMLFWE01,packed,picking,Không,28-06-2026,2,SHOP - 174 NGUYEN DU,Giao Hang Tiet Kiem,1771032700,3,"97,000"
2606285NX29WSF,2606285NX29WSF01,picking,,Không,28-06-2026,2,SHOP - 170 QUOC LO 1A,Giao Hang Nhanh,,2,"594,000"
26062856F6BP5S,26062856F6BP5S01,picking,,Không,28-06-2026,2,SHOP - 170 QUOC LO 1A,Giao Hang Nhanh,,1,"262,000"
2606285B6U8ETR,2606285B6U8ETR01,picking,,Không,28-06-2026,2,SHOP - 170 QUOC LO 1A,Giao Hang Nhanh,,1,"468,000"
26062852NDV1BW,26062852NDV1BW01,picking,,Không,28-06-2026,2,SHOP - 170 QUOC LO 1A,Giao Hang Nhanh,,1,"151,000"
2606285ROVCM49,2606285ROVCM4901,picking,,Không,28-06-2026,2,SHOP - 170 QUOC LO 1A,Giao Hang Nhanh,,1,"146,000"
26062859QIRNP9,26062859QIRNP901,picking,,Không,28-06-2026,2,SHOP - 170 QUOC LO 1A,Shopee Express,,3,"137,000"
2606285DP8N1DE,2606285DP8N1DE01,picking,,Không,28-06-2026,2,SHOP - 170 QUOC LO 1A,Giao Hang Nhanh,,1,"228,000"
2606285LKR261R,2606285LKR261R01,packed,picking,Không,28-06-2026,2,SHOP - 67 DANG THUC VINH,Giao Hang Tiet Kiem,1080113950,1,"184,000"
2606285C4LP2NZ,2606285C4LP2NZ01,packed,picking,Không,28-06-2026,2,SHOP - 90 NGUYEN HUE,Giao Hang Tiet Kiem,1010482036,1,"588,000"
26062858GMHSB5,26062858GMHSB501,packed,received,Không,28-06-2026,2,SHOP - 90 NGUYEN HUE,Giao Hang Tiet Kiem,1488908337,1,"152,000"
2606285X1PI0JB,2606285X1PI0JB01,packed,received,Không,28-06-2026,2,SHOP - 170 QUOC LO 1A,Giao Hang Tiet Kiem,1558498495,2,"369,000"
2606285VB85I7G,2606285VB85I7G01,packed,picking,Không,28-06-2026,2,SHOP - 545 TRAN NHAN TONG,Giao Hang Tiet Kiem,1880987533,3,"348,000"
260628595MY28U,260628595MY28U01,packed,picking,Không,28-06-2026,2,SHOP - 170 QUOC LO 1A,Giao Hang Nhanh,GYXVWQ4E,1,"96,000"
2606285KJH28YC,2606285KJH28YC01,packed,received,Không,28-06-2026,2,SHOP - 170 QUOC LO 1A,Giao Hang Tiet Kiem,1918148282,5,"598,000"
2606285GLHKIXU,2606285GLHKIXU01,packed,picking,Không,28-06-2026,2,SHOP - 174 NGUYEN DU,Giao Hang Tiet Kiem,1927615718,2,"210,000"
2606285M3V0GDV,2606285M3V0GDV01,packed,picking,Không,28-06-2026,2,SHOP - 459 NGUYEN DANG,Giao Hang Tiet Kiem,1340518041,2,"306,000"
2606285TWLBMOV,2606285TWLBMOV01,packed,picking,Không,28-06-2026,2,SHOP - 212 LE LOI,Giao Hang Nhanh,GYXVU6B7,1,"65,000"
26062855EZN1WA,26062855EZN1WA01,packed,picking,Không,28-06-2026,2,SHOP - 212 LE LOI,Giao Hang Nhanh,GYXVU6BF,1,"133,000"
2606285623HB9K,2606285623HB9K01,packed,picking,Không,28-06-2026,2,SHOP - 212 LE LOI,Giao Hang Nhanh,GYXV69KX,1,"146,000"
26062859BLMRI9,26062859BLMRI901,packed,picking,Không,28-06-2026,2,SHOP - 240 TINH LO 825,Giao Hang Nhanh,GYXV69GD,1,"153,000"
2606285OZO338C,2606285OZO338C01,packed,picking,Không,28-06-2026,2,SHOP - 212 LE LOI,Giao Hang Tiet Kiem,1542732450,1,"173,000"
2606285O69RD52,2606285O69RD5201,packed,picking,Không,28-06-2026,2,SHOP - 392 LY THAI TO,Giao Hang Tiet Kiem,1705537427,5,"230,000"
26062853YX507D,26062853YX507D01,packed,picking,Không,28-06-2026,2,SHOP - 349 LE LOI,Giao Hang Tiet Kiem,1424839571,1,"123,000"
2606285FMOK14W,2606285FMOK14W01,packed,received,Không,28-06-2026,2,SHOP - 170 QUOC LO 1A,Giao Hang Tiet Kiem,1171652838,1,"157,000"
2606285YZ4PK8C,2606285YZ4PK8C01,packed,received,Không,28-06-2026,2,SHOP - 170 QUOC LO 1A,Giao Hang Tiet Kiem,1530011847,1,"121,000"
2606285X2APE49,2606285X2APE4901,packed,picking,Không,28-06-2026,2,SHOP - 170 QUOC LO 1A,Giao Hang Nhanh,GYXVWQ4N,2,"311,000"
2606285901NDYH,2606285901NDYH01,packed,received,Không,28-06-2026,2,SHOP - 517 PHU LOI,Giao Hang Tiet Kiem,1134025750,1,"261,000"
26062858GH2VM0,26062858GH2VM001,packed,picking,Không,28-06-2026,2,SHOP - 170 QUOC LO 1A,Giao Hang Nhanh,GYXVWQ4R,2,"253,000"
2606285H9BVLSQ,2606285H9BVLSQ01,packed,picking,Không,28-06-2026,2,SHOP - 2857 LUONG DINH CUA,Giao Hang Tiet Kiem,1940182601,4,"86,000"
2606285RQPOJLF,2606285RQPOJLF01,packed,picking,Không,28-06-2026,2,SHOP - 170 QUOC LO 1A,Giao Hang Nhanh,GYXVWQ37,4,"458,000"
2606285J1ITE4W,2606285J1ITE4W01,packed,,Không,28-06-2026,2,SHOP - 170 QUOC LO 1A,Shopee Express,SPXVN067746736706,1,"355,000"
2606285PJA92TJ,2606285PJA92TJ01,packed,picking,Không,28-06-2026,2,SHOP - 170 QUOC LO 1A,Giao Hang Nhanh,GYXVWQ3C,2,"230,000"
2606285A0YM9YA,2606285A0YM9YA01,packed,picking,Không,28-06-2026,2,SHOP - 170 QUOC LO 1A,Giao Hang Nhanh,GYXVWQ3G,1,"96,000"
2606285EL8DVCJ,2606285EL8DVCJ01,packed,picking,Không,28-06-2026,2,SHOP - 170 QUOC LO 1A,Giao Hang Nhanh,GYXVWQ3V,3,"101,000"
2606285NDRWWUA,2606285NDRWWUA01,packed,picking,Không,28-06-2026,2,SHOP - 553 DT 767,Giao Hang Nhanh,GYXCY4N3,1,"153,000"
26062858Z7DC2J,26062858Z7DC2J01,picking,,Không,28-06-2026,2,SHOP - 170 QUOC LO 1A,Shopee Express,,1,"153,000"
2606285KUBMR5C,2606285KUBMR5C01,picking,,Không,28-06-2026,2,SHOP - 170 QUOC LO 1A,Giao Hang Nhanh,,1,"168,000"
2606285NNPCE47,2606285NNPCE4701,picking,,Không,28-06-2026,2,SHOP - 170 QUOC LO 1A,Giao Hang Nhanh,,1,"112,000"
2606285OA8N8OU,2606285OA8N8OU01,picking,,Không,28-06-2026,2,SHOP - 170 QUOC LO 1A,Shopee Express,,1,"54,000"
2606285PMKNUF1,2606285PMKNUF101,picking,,Không,28-06-2026,2,SHOP - 170 QUOC LO 1A,Giao Hang Nhanh,,1,"99,000"
260628531V4XV1,260628531V4XV101,picking,,Không,28-06-2026,2,SHOP - 170 QUOC LO 1A,Giao Hang Nhanh,,1,"565,000"
26062859JL8SIH,26062859JL8SIH01,picking,,Không,28-06-2026,2,SHOP - 170 QUOC LO 1A,Giao Hang Nhanh,,1,"97,000"
2606285Z50C332,2606285Z50C33201,picking,,Không,28-06-2026,2,SHOP - 170 QUOC LO 1A,Giao Hang Nhanh,,1,"262,000"
2606285DBUXFOM,2606285DBUXFOM01,picking,,Không,28-06-2026,2,SHOP - 170 QUOC LO 1A,Giao Hang Tiet Kiem,,2,"494,000"
26062853JZKY0G,26062853JZKY0G01,picking,,Không,28-06-2026,2,SHOP - 170 QUOC LO 1A,Giao Hang Nhanh,,1,"168,000"
260628514E8IMO,260628514E8IMO01,packed,picking,Không,28-06-2026,2,SHOP - 457 NGUYEN VAN TAO,Giao Hang Tiet Kiem,1052969260,3,"562,000"
26062854RQR6GA,26062854RQR6GA01,packed,picking,Không,28-06-2026,2,SHOP - 1261 PHAM HUNG,Giao Hang Tiet Kiem,1470816587,1,"164,000"
2606285SBAI0F6,2606285SBAI0F601,packed,picking,Không,28-06-2026,2,SHOP - 240 TINH LO 825,Giao Hang Tiet Kiem,1326972225,1,"204,000"
2606285GPIHNX4,2606285GPIHNX401,packed,picking,Không,28-06-2026,2,SHOP - 240 TINH LO 825,Giao Hang Tiet Kiem,1256729271,4,"904,000"
2606285G4FX5QT,2606285G4FX5QT01,packed,picking,Không,28-06-2026,2,SHOP - 240 TINH LO 825,Giao Hang Tiet Kiem,1682168445,1,"271,000"
26062853R1X2JC,26062853R1X2JC01,packed,,Không,28-06-2026,2,SHOP - 2857 LUONG DINH CUA,Shopee Express,SPXVN063927106516,3,"126,000"
2606285ZNUPPTX,2606285ZNUPPTX01,packed,picking,Không,28-06-2026,2,SHOP - 170 QUOC LO 1A,Giao Hang Nhanh,GYXVAYLR,1,"372,000"
26062857OY4QM1,26062857OY4QM101,packed,received,Không,28-06-2026,2,SHOP - 170 QUOC LO 1A,Giao Hang Tiet Kiem,1150849341,3,"239,000"
2606285G53T39W,2606285G53T39W01,packing,received,Không,28-06-2026,2,SHOP - 170 QUOC LO 1A,Giao Hang Tiet Kiem,1141180363,4,"376,000"
2606285R8G2YCB,2606285R8G2YCB01,packed,picking,Không,28-06-2026,2,SHOP - 67 THU Y,Giao Hang Tiet Kiem,1793495182,1,"156,000"
2606065AKOE1ME,310000006083644,processing,,Không,29-06-2026,1,SHOP - 457 NGUYEN VAN TAO,Giao Hang Tiet Kiem,,2,"59,500"
26062450R95W5M,310000006083652,packed,,Không,29-06-2026,1,SHOP - 542 QUOC LO 20,Shopee Express,SPXVN064290165656,3,0
26062450R95W5M,310000006083653,packed,,Không,29-06-2026,1,SHOP - 303 HUNG VUONG,Shopee Express,SPXVN060266540896,3,"147,000"
2606205WZ0PFXC,310000006083737,processing,,Không,29-06-2026,1,SHOP - 1 22 THANG 12,Giao Hang Nhanh,,2,"83,500"
2606015TDQ4VFU,310000006083630,packed,,Không,29-06-2026,1,SHOP - 104 QUANG TRUNG,Shopee Express,SPXVN065965413786,4,"69,000"
2606255GAHRF8P,310000006083692,packed,picking,Không,29-06-2026,1,SHOP - 174 NGUYEN DU,Giao Hang Tiet Kiem,1993819871,6,"54,000"
2606255GAHRF8P,310000006083693,processing,,Không,29-06-2026,1,SHOP - 170 QUOC LO 1A,Giao Hang Tiet Kiem,,6,"199,000"
2606265G0RRG3R,310000006083642,packed,picking,Không,29-06-2026,1,SHOP - 244 DONG DA,Giao Hang Tiet Kiem,1020152178,27,"18,000"
2606265G0RRG3R,310000006083643,processing,,Không,29-06-2026,1,SHOP - 170 QUOC LO 1A,Giao Hang Tiet Kiem,,27,"228,000"
2606065JZILVGE,310000006083747,packed,picking,Không,29-06-2026,1,SHOP - E4 DUONG N9,Giao Hang Nhanh,GYXVHET6,26,"357,620"
2606275JRC6R97,310000006083607,packed,picking,Không,29-06-2026,1,SHOP - 1261 PHAM HUNG,Giao Hang Tiet Kiem,1237910099,20,"1,130,000"
2606275JRC6R97,310000006083608,packed,picking,Không,29-06-2026,1,SHOP - 1261 PHAM HUNG,Giao Hang Tiet Kiem,1453379646,20,"1,130,000"
2606265NF8IZ8D,310000006083634,packed,picking,Không,29-06-2026,1,SHOP - 182 PHAN DANG LUU,Giao Hang Tiet Kiem,1580021165,15,"120,000"